feature,coefficient,abs_coef
school_x_region_RCR,13.59990117150632,13.59990117150632
school_x_region_OCR,-3.3864605008831883,3.3864605008831883
