segment,r2,n_test
HDB_CCR,0.8734526498697405,263
HDB_RCR,0.800869011640593,9260
HDB_OCR,0.5340661713103719,29311
