,PC1,PC2
MRT Distance,0.7275176587352644,0.686096459323798
CBD Distance,0.7275176587352712,-0.6860964593237916
