,PC1,PC2
MRT Distance,0.7271936028738484,-0.6864361690825156
CBD Distance,0.7271936028738287,0.686436169082534
