year_61_median_psm,year_59_median_psm,liquidity_tax_pct,year_61_n,year_59_n
5216.290588882774,5234.208776595745,-0.3435044004480783,5436,4980
