cutoff,n,tau,p_value,significant
800,69391,55.233778988215356,6.398894140173304e-153,True
1200,20393,-109.17206439192776,2.2008273295498607e-94,True
