{
  "avg_deviation": 12.663581011164819,
  "max_deviation": 49.62197665031859,
  "deviation_std": 19.930989300906646,
  "n_years_analyzed": 58,
  "overvalued_count": 34,
  "undervalued_count": 10
}