property_type,count,mean,median,std,min,max,q25,q75
HDB,158698,13.027794938791194,4.761904761904767,45.72884879797236,-46.93877551020408,457.1428571428571,-11.851851851851848,26.66666666666666
