Model,R²,MRT Premium ($/100m)
OLS (Global),0.16355944168911496,-2.2025361137458903
